file,encoding,delimiter,bytes,fields,rows,valid,errors,validPackage,frictionLessError,@rdf:about,dct:title,dct:license:@rdf:resource,dct:format:@rdf:resource,dct:description,downloadURL
1,utf-8,",",7101,18,115,true,0,true,0,http://dati.comune.matera.it/dataset/4f3b29d4-fe79-4483-b720-884478ec6713/resource/0e79fd6c-b6c4-42b6-98eb-38e08f2ee5b5,Residenti sassi csv,http://www.opendefinition.org/licenses/cc-by,http://publications.europa.eu/resource/authority/file-type/CSV,,https://docs.google.com/spreadsheets/d/e/2PACX-1vTqcIsPZ4iSksNvmPTsfiDOY3qDIn6VURMCbOxdbF2vVDKFRSUb43RijbZBoQ8rRa_iFXcXfEmqzQYc/pub?output=csv
2,iso8859-1,",",1274,3,91,true,0,true,0,http://dati.comune.matera.it/dataset/81ebb1fa-26e9-4423-ac49-204f43f3c612/resource/003a4368-4e9d-498e-8eac-1b1861a46862,stranieri residenti per cittadinanza e sesso,http://www.opendefinition.org/licenses/cc-by,http://publications.europa.eu/resource/authority/file-type/CSV,Stranieri residenti per cittadinanza e sesso in csv,https://docs.google.com/spreadsheets/d/e/2PACX-1vRuRuGZ2wIWoYRdNLfIxEN1vaNE4LDGOUBAPFqLgncShr6DKHbd7volFYnxha9i6oaAhcCODRyFDVQ-/pub?output=csv
3,utf-8,",",1857,26,8,true,0,true,0,http://dati.comune.matera.it/dataset/df866d54-c691-42c9-8ac0-9052266b6b05/resource/5d643348-73f9-4f13-8585-41785f6b10ab,PercentualiCSV,http://www.opendefinition.org/licenses/cc-by,http://publications.europa.eu/resource/authority/file-type/CSV,File in formato CSV,http://goo.gl/xdngV8
4,utf-8,",",807,6,9,true,0,true,0,http://dati.comune.matera.it/dataset/be7396a2-baea-403b-a330-72252dc29ec8/resource/4016495c-b82a-4669-afa3-d9ad7d59a8a8,erboristerie.csv,http://www.opendefinition.org/licenses/cc-by,http://publications.europa.eu/resource/authority/file-type/CSV,Elenco aggiornato in formato CSV,https://docs.google.com/spreadsheets/d/e/2PACX-1vSu25G8InD7wYA7_ELfYRbRp_NdXSJHYM8QkpH7SwnuHqK_bZ_LNNklVxTCTxzTxsb0SZub2Nf9KRCE/pub?output=csv
5,utf-8,",",42303,13,124,true,0,true,0,http://dati.comune.matera.it/dataset/08d96b8d-d127-4b01-8c81-76b39834130f/resource/16b699a8-2506-4c43-b087-b4fb59aae787,Atti2016CSV,http://www.opendefinition.org/licenses/cc-by,http://publications.europa.eu/resource/authority/file-type/CSV,File in formato CSV,http://www.comune.matera.it/images/amm_trasp/sovvenzioni/atti_concessione/art18.csv
6,iso8859-1,",",283,13,6,true,0,true,0,http://dati.comune.matera.it/dataset/4757c9ae-5ebf-46cf-8bae-0901980db77e/resource/a3742dba-921f-4651-84ca-7c740a336752,bilancio-demografico-mensile-della-popolazione-residente-della-citta-di-matera-anno-2018,http://www.opendefinition.org/licenses/cc-by,http://publications.europa.eu/resource/authority/file-type/CSV,Riepilogo mensile incidenti stradali per numerosità feriti in csv,https://docs.google.com/spreadsheets/d/e/2PACX-1vQvWfG8BPxw2BlaGvyEjBrvO1jDkVkG0N4kBhtpPdIyy9dUwP28XWRXp1DVo5d_qnCYkYY0ShvO9eas/pub?gid=1443229876&single=true&output=csv
7,utf-8,",",0,0,0,false,1,false,0,http://dati.comune.matera.it/dataset/3b6b4af8-64bf-420b-b98a-ad7e78db3cdd/resource/3d7f4e3c-3f55-4db9-a9fc-1899bd003106,CSV,http://www.opendefinition.org/licenses/cc-by,http://publications.europa.eu/resource/authority/file-type/CSV,File in formato CSV,https://www.impresainungiorno.gov.it/informazioni-sportello-portlet/ExportCSV?cciaa=MT&spt0=4935
8,utf-8,",",109497,10,552,true,0,true,0,http://dati.comune.matera.it/dataset/53b5b4f4-cc24-40a4-afe1-01e3d2939817/resource/a3a53aa8-4c10-4fea-ba88-346e1380ac7d,DetermineCSV,http://www.opendefinition.org/licenses/cc-by,http://publications.europa.eu/resource/authority/file-type/CSV,File in formato CSV,http://servizionline.comune.mt.it:80/atc/files/MATERA/avcp.csv
9,utf-8,",",623539,42,78,true,0,true,0,http://dati.comune.matera.it/dataset/366c8268-267c-432c-ad1a-6f7beeb2b4f8/resource/57b83050-2e92-4fd4-b560-9f6a147df847,csv,http://www.opendefinition.org/licenses/cc-by,http://publications.europa.eu/resource/authority/file-type/CSV,File in formato CSV,http://wgmatera.paesit.it/geoserver/wfs?typename=geonode%3Aaree_boscate&outputFormat=csv&version=1.0.0&request=GetFeature&service=WFS
10,iso8859-1,",",21856,14,174,false,1,false,0,http://dati.comune.matera.it/dataset/6c8c643e-a9bf-46b8-9785-54f44141fbf8/resource/9580a7d0-15cb-46fd-b289-e03309bcd72a,B&B,http://www.opendefinition.org/licenses/odc-odbl,http://publications.europa.eu/resource/authority/file-type/CSV,File in formato CSV,https://docs.google.com/spreadsheets/d/e/2PACX-1vTj3s9jj7shHskVEx4uox9IDn0TQomgYiZ8whfZbvOpvLqWkxrxVV17OCsoJrqmvfWSrG1n5GCZT1Qn/pub?gid=522415089&single=true&output=csv
11,utf-8,",",519,13,9,true,0,true,0,http://dati.comune.matera.it/dataset/14590314-ad58-488f-98a3-9c289c3325ea/resource/fc81502d-2bad-4f59-9a39-7bf205102e93,riepilogo-incidenti-stradali-anno-2017-avvenuti-nel-comune-di-matera,http://www.opendefinition.org/licenses/cc-by,http://publications.europa.eu/resource/authority/file-type/CSV,Tipologia sinistro in csv,https://docs.google.com/spreadsheets/d/e/2PACX-1vSmgaHVVzjj2DanEYK8um9V-WiNyDMD5HF9_IUSQW7WN0-efKWLdtXmUaKATp09gzkN6ZPZPBbdmMq3/pub?gid=1387299694&single=true&output=csv
12,utf-8,",",5038,14,40,true,0,true,0,http://dati.comune.matera.it/dataset/6c8c643e-a9bf-46b8-9785-54f44141fbf8/resource/5928de95-e326-439c-a703-8a63849186b4,Alberghi_Motel,http://www.opendefinition.org/licenses/odc-odbl,http://publications.europa.eu/resource/authority/file-type/CSV,File in formato CSV,https://docs.google.com/spreadsheets/d/e/2PACX-1vTj3s9jj7shHskVEx4uox9IDn0TQomgYiZ8whfZbvOpvLqWkxrxVV17OCsoJrqmvfWSrG1n5GCZT1Qn/pub?gid=0&single=true&output=csv
13,utf-8,",",9818,5,77,true,0,true,0,http://dati.comune.matera.it/dataset/8d90f5d5-f763-4600-b0a7-1c8b64ac13a1/resource/aaf9d6d5-d401-4205-8c26-fe1a61fe0e8c,edicole csv,http://www.opendefinition.org/licenses/cc-by,http://publications.europa.eu/resource/authority/file-type/CSV,File in formato csv,https://goo.gl/dvVxYg
14,utf-8,",",18604,135,26,true,0,true,0,http://dati.comune.matera.it/dataset/b8aaaf85-ac9a-4706-87a3-ebf802a1e2c6/resource/036f5eb0-e935-4f5a-a02e-84f3ddf37fe8,DatiDefinitiviCens2011AreeSubComunali.csv,http://www.opendefinition.org/licenses/cc-by,http://publications.europa.eu/resource/authority/file-type/CSV,Dati definitivi del Censimento Generale anno 2011 della città di Matera in csv,https://goo.gl/YXTjpn
15,iso8859-1,",",307,13,7,true,0,true,0,http://dati.comune.matera.it/dataset/14590314-ad58-488f-98a3-9c289c3325ea/resource/0f29a654-ce39-49f2-a389-e30cf0b09cf0,riepilogo-incidenti-stradali-anno-2017-avvenuti-nel-comune-di-matera,http://www.opendefinition.org/licenses/cc-by,http://publications.europa.eu/resource/authority/file-type/CSV,Numerosità feriti per sinistro in csv,https://docs.google.com/spreadsheets/d/e/2PACX-1vSmgaHVVzjj2DanEYK8um9V-WiNyDMD5HF9_IUSQW7WN0-efKWLdtXmUaKATp09gzkN6ZPZPBbdmMq3/pub?gid=1507319699&single=true&output=csv
16,utf-8,",",124184,4,6,true,0,true,0,http://dati.comune.matera.it/dataset/34a15346-af9b-4e90-8052-160a8c004aaa/resource/30a0796e-906f-4aa8-afc8-1c2074d339f9,csv,http://www.opendefinition.org/licenses/cc-by,http://publications.europa.eu/resource/authority/file-type/CSV,File in formato CSV,http://wgmatera.paesit.it/geoserver/wfs?typename=geonode%3Atratturi_tutelati&outputFormat=csv&version=1.0.0&request=GetFeature&service=WFS&access_token=67db314f1a0f11e8b2aaa0d3c13eef1f
17,euc_kr,",",21509,10,322,true,0,true,0,http://dati.comune.matera.it/dataset/f0b12c94-2afa-4f9e-a4b8-6ba1a6e2e40c/resource/137a124c-a5da-426f-a45a-bca12635b7bb,zona-franca-urbana-del-comune-di-matera,http://www.opendefinition.org/licenses/cc-by,http://publications.europa.eu/resource/authority/file-type/CSV,Stradario della Zona Franca Urbana del comune di Matera su base Censimento Generale 2001 in csv,https://docs.google.com/spreadsheets/d/e/2PACX-1vRjgXM-jhFCj9FSoC3BWd7EYtOrwxU2HH1xDviGAz_r5sqaglQf6clOhqcMSj8YAbiZQSgffb4CfPvK/pub?gid=763661727&single=true&output=csv
18,utf-8,",",3473,25,25,true,0,true,0,http://dati.comune.matera.it/dataset/d8c6ae47-c7ff-4f3e-91b1-834331ad4c89/resource/c73d8c8c-e165-47ea-a9a9-50bd85749f33,popolazione-residente-per-aree-sub-comunali-quartieri-al-31-12-2017-della-citta-di-matera,http://www.opendefinition.org/licenses/cc-by,http://publications.europa.eu/resource/authority/file-type/CSV,"Popolazione residente per fasce d'età, quartieri ed indici vari al 31.12.2017 in csv",https://docs.google.com/spreadsheets/d/e/2PACX-1vT7yW3Xg0wqTGXPf3pD2eRmgcCcl6ZGGR0Wq6bMCynRyoCExiHDdfoXpCTygsuervwqhD_28xsEpcuk/pub?output=csv
19,utf-8,",",355,5,4,true,0,true,0,http://dati.comune.matera.it/dataset/20b2b560-8082-4e36-9e01-f37c2a4d58c2/resource/e4df634d-9217-43d4-b6fb-74c0480a8ae2,info-point-della-citta-di-matera,http://www.opendefinition.org/licenses/cc-by,http://publications.europa.eu/resource/authority/file-type/CSV,Elenco completo degli info point in csv,https://docs.google.com/spreadsheets/d/e/2PACX-1vRyng3n9BZbqiusYv2xRN2pMDeWPaaGA5chglTWA3xdEF9wGOscdIj3z-ujTTJzF2lLqIe8duFWsPHB/pub?output=csv
20,utf-8,",",97690,9,642,true,0,true,0,http://dati.comune.matera.it/dataset/8026883e-b651-4ea9-a3fe-2c1b36918c97/resource/2f288d12-b63d-45f5-ad69-cc81fcc41093,elenco-pmi-e-professionisti-ammessi-alla-zfu-matera,http://www.opendefinition.org/licenses/cc-by,http://publications.europa.eu/resource/authority/file-type/CSV,Elenco PMI e liberi professionisti ammessi ai benefici previsti dalla Zona Franca Urbana del comune di Matera istituita ai sensi della Delibera CIPE N°14 dell’8 Maggio 2009 in csv.,https://docs.google.com/spreadsheets/d/e/2PACX-1vSnUOCcjZ6ThHSydHM53wXMiioLCBcwjLCj-c1bvMHY7xkf2siZt-HDv5nUCZA1qNC4wZiF16X1gCqS/pub?output=csv
21,utf-8,",",678,7,6,true,0,true,0,http://dati.comune.matera.it/dataset/086ff7dd-b21b-4832-86ee-dcda4e934096/resource/5d6403b4-1069-4c34-9bb4-ab7a0e94cfed,aree-camper-aggiornate-al-2018-della-citta-di-matera,http://www.opendefinition.org/licenses/cc-by,http://publications.europa.eu/resource/authority/file-type/CSV,Elenco delle aree camper in csv,https://docs.google.com/spreadsheets/d/e/2PACX-1vSkUmYOzXD-xkMIstgmPzZF1MTgmHMku6BZxjR6iKL2mX7s6k0UfayfUHpKkQbH_teCzW1cClGEf1iD/pub?output=csv
23,utf-8,",",666,4,11,true,0,true,0,http://dati.comune.matera.it/dataset/35caef29-c0f8-42c2-a1d3-be061093236c/resource/c1327fbe-6d03-4376-9f76-a2a18edd8f02,Decessi anno 2016 per grandi cause di morte in valori percentuali,http://www.opendefinition.org/licenses/cc-by,http://publications.europa.eu/resource/authority/file-type/CSV,Decessi anno 2016 per grandi cause di morte in valori percentuali in csv,https://goo.gl/MXh0nc
25,utf-8,",",945,7,26,true,0,true,0,http://dati.comune.matera.it/dataset/79f95504-6fd6-468a-a864-7eedc55753b7/resource/a450e065-f065-482f-ae1e-e5250970ad75,residenti-per-quartiere-ed-area-geografica-di-appartenenza-provenienza,http://www.opendefinition.org/licenses/cc-by,http://publications.europa.eu/resource/authority/file-type/CSV,Residenti per Area Geografica di appartenenza e/o provenienza suddivisa per quartieri al 31.12.2016 in csv,http://goo.gl/dtTXsQ
26,utf-8,",",545418,4,22876,true,0,true,0,http://dati.comune.matera.it/dataset/112603d2-71d4-4285-a774-75323b0c752b/resource/655fbfe2-19e0-4a96-8829-04291ecd6fc5,Sez.Cens.2011.csv,http://www.opendefinition.org/licenses/cc-by,http://publications.europa.eu/resource/authority/file-type/CSV,Aree di circolazione per sezioni di censimento 2011.,http://dati.comune.matera.it/dataset/112603d2-71d4-4285-a774-75323b0c752b/resource/655fbfe2-19e0-4a96-8829-04291ecd6fc5/download/sez-cens-2011.csv
27,utf-8,",",8025,15,121,true,0,true,0,http://dati.comune.matera.it/dataset/57452a1a-de09-450c-8035-189b7a1a6f30/resource/f250cd1e-ae80-468e-aeca-88eca3ee9aea,DecessiCSV,http://www.opendefinition.org/licenses/cc-by,http://publications.europa.eu/resource/authority/file-type/CSV,File in formato CSV,https://docs.google.com/spreadsheets/d/e/2PACX-1vTV5FG7vfdAGYp-KfPNTZr3BGYl-GiicpApU43HQcUZWv0vusV0NKhSuSSJogLo2LUkfz1Afr4815nN/pub?gid=0&single=true&output=csv
29,utf-8,",",3245,5,26,true,0,true,0,http://dati.comune.matera.it/dataset/43067fc7-2316-4787-925a-98f4ce6f3b78/resource/215cb552-a1b6-44ff-ac5c-5243035fceda,casini-del-territorio-comunale-di-matera,http://www.opendefinition.org/licenses/cc-by,http://publications.europa.eu/resource/authority/file-type/CSV,Casini del territorio comunale di Matera in csv,https://docs.google.com/spreadsheets/d/e/2PACX-1vR0G0UoZ-XHjM0RperhCzCdXG198xkmdvkogcY0X5evvLgMJGyCVDttg4J9f7a8qfG8uYtGtjsX5Bw9/pub?output=csv
30,iso8859-1,",",501,13,10,true,0,true,0,http://dati.comune.matera.it/dataset/14590314-ad58-488f-98a3-9c289c3325ea/resource/5fb11454-948b-4f22-a883-dba01b119a36,riepilogo-incidenti-stradali-anno-2017-avvenuti-nel-comune-di-matera,http://www.opendefinition.org/licenses/cc-by,http://publications.europa.eu/resource/authority/file-type/CSV,Cause sinistro in csv,https://docs.google.com/spreadsheets/d/e/2PACX-1vSmgaHVVzjj2DanEYK8um9V-WiNyDMD5HF9_IUSQW7WN0-efKWLdtXmUaKATp09gzkN6ZPZPBbdmMq3/pub?gid=549249815&single=true&output=csv
31,utf-8,",",9758,6,5,true,0,true,0,http://dati.comune.matera.it/dataset/b335eb4c-9c0e-42d5-b67c-feae928fda8d/resource/2ab89cc0-3890-46b8-b24d-3c51c595afba,edifici_csv,http://www.opendefinition.org/licenses/cc-by,http://publications.europa.eu/resource/authority/file-type/CSV,Edifici strategici in formato CSV,http://wgmatera.paesit.it/geoserver/wfs?typename=geonode%3Aedifici_strategici&outputFormat=csv&version=1.0.0&request=GetFeature&service=WFS&access_token=2519c9400c3f11e897f5a0d3c13eef1f
32,utf-8,",",4128,7,41,true,0,true,0,http://dati.comune.matera.it/dataset/c1b4e337-6a08-4af5-ae81-a035a96d2922/resource/690af564-532c-45d6-bb76-1f4537b9f66d,"NCC,motocarrozzette e taxi della città di Matera anno 2018",http://www.opendefinition.org/licenses/cc-by,http://publications.europa.eu/resource/authority/file-type/CSV,"Elenco degli NCC, Motocarrozzette e Taxi in csv",https://docs.google.com/spreadsheets/d/e/2PACX-1vStJioWrx3sM00lny5OAlziYWKyaR5hNlc7YtvTPxYstWJIRAlC4uadriB0x9BQ3vI5zigRDPIt86-g/pub?output=csv
33,utf-8,",",261467,6,4626,false,2,false,0,http://dati.comune.matera.it/dataset/47fb065b-6bf5-4ba8-b2c2-c7b092cec357/resource/d204db9a-6a6a-48a5-bd0d-750b60dceb09,TerreniCSV,http://www.opendefinition.org/licenses/cc-by,http://publications.europa.eu/resource/authority/file-type/CSV,File in formato CSV,https://docs.google.com/spreadsheets/d/e/2PACX-1vRIDnMIpcz6rCBSNOnrIwNt_g4N-ndkvSWyEGcxCQkY3000ohE7fGdqdCTJt8ATiGcieIXGPLhqvKXo/pub?gid=0&single=true&output=csv
34,utf-8,",",1317,5,23,true,0,true,0,http://dati.comune.matera.it/dataset/2244b77d-dc94-4b76-8fb0-5b79c0511745/resource/15a28413-cc64-4ab5-be94-821ae1c7fcf1,distributori-di-carburante-al-2018-della-citta-di-matera,http://www.opendefinition.org/licenses/cc-by,http://publications.europa.eu/resource/authority/file-type/CSV,Elenco dei distributori di carburante in csv,https://docs.google.com/spreadsheets/d/e/2PACX-1vT_iZTfGtQpRA5gZNPnMerxaLy_1w8u80lSt3rYArenprOJYQExVN5sDDR9m0YeBNM-SswE13THFJCB/pub?output=csv
35,utf-8,",",4322,10,10,true,0,true,0,http://dati.comune.matera.it/dataset/c3b621c6-94d4-4ede-8ab3-f309a3d805f6/resource/2ea98968-4b86-410b-afd0-b9cb65d4cdfe,IncarichiCSV,http://www.opendefinition.org/licenses/cc-by,http://publications.europa.eu/resource/authority/file-type/CSV,File in formato CSV,https://docs.google.com/spreadsheets/d/e/2PACX-1vSG1hBV-yOZwqdgd2YakRhmtu4nHIlTXNGAq9egIag47uzqIBX9DveNs3v_4sa8pEKtA2zGrA63ZVZ4/pub?gid=0&single=true&output=csv
36,utf-8,",",218,13,3,true,0,true,0,http://dati.comune.matera.it/dataset/4757c9ae-5ebf-46cf-8bae-0901980db77e/resource/04cf8dd5-c9f2-46c0-bc8c-0d1d9bb250b2,bilancio-mensile-incidenti-stradali-anno-2018-di-matera,http://www.opendefinition.org/licenses/cc-by,http://publications.europa.eu/resource/authority/file-type/CSV,Riepilogo mensile incidenti stradali per tipologia di strada in csv,https://docs.google.com/spreadsheets/d/e/2PACX-1vQvWfG8BPxw2BlaGvyEjBrvO1jDkVkG0N4kBhtpPdIyy9dUwP28XWRXp1DVo5d_qnCYkYY0ShvO9eas/pub?gid=682141325&single=true&output=csv
38,,",",,,,,1,false,1,http://dati.comune.matera.it/dataset/da6b1c36-30c6-4673-9476-743504ca275e/resource/0598a2c5-4248-4874-bcda-bb9501b867a0,csv,http://www.opendefinition.org/licenses/cc-by,http://publications.europa.eu/resource/authority/file-type/CSV,File in formato CSV,http://wgmatera.paesit.it/geoserver/wfs?typename=geonode%3Aambiti_2&outputFormat=csv&version=1.0.0&request=GetFeature&service=WFS&access_token=8d6401c04e2811e89733a0d3c13eef1f
39,,",",,,,,1,false,1,http://dati.comune.matera.it/dataset/b4b57e8b-9c10-4b08-8ec9-7694d119864e/resource/6ce1abd1-55ac-46ac-a307-4c2f5b73c2ad,Edificato.csv,http://www.opendefinition.org/licenses/cc-by,http://publications.europa.eu/resource/authority/file-type/CSV,"La RNC (Rilevazione dei numeri civici e degli edifici) fu eseguita come attività propedeutica al 15° Censimento Generale della Popolazione e delle Abitazioni del 2011, nei comuni con popolazione non inferiore ai 20.000 residenti (al 31/12/2010). Il dataset contiene alcune utili informazioni circa la destinazione e la tipologia d'uso degli edifici, il materiale utilizzato per la costruzione nonché l'epoca di costruzione e lo stato di conservazione degli stessi. Vi sono, inoltre, le coordinate geografiche espresse in WGS84-UTM33 utili per eventuali georeferenziazioni. Si precisa che, poiché sono tuttora in corso gli ultimi controlli da parte dell'ISTAT - Dipartimento per i Censimenti e gli archivi amministrativi e statistici -, alcuni dati potranno essere soggetti ad eventuali successive modifiche.",http://dati.comune.matera.it/dataset/b4b57e8b-9c10-4b08-8ec9-7694d119864e/resource/6ce1abd1-55ac-46ac-a307-4c2f5b73c2ad/download/rncedificidefinitivo.csv
40,utf-8,",",282,2,12,false,1,false,0,http://dati.comune.matera.it/dataset/fd6122dd-587e-448b-8a79-6bff0bb90be6/resource/02962afa-59fd-486c-8aaf-2f6d88b65044,incassi-mensili-ingiunzioni-polizia-locale,http://www.opendefinition.org/licenses/cc-by,http://publications.europa.eu/resource/authority/file-type/CSV,Incassi mensili a seguito di ingiunzioni dei verbali della Polizia Locale di Matera per ogni mese dell'anno 2018 in csv.,https://docs.google.com/spreadsheets/d/e/2PACX-1vT1COWSvCGK2uegZkURWuDr42ugkx4x9DfKhX-CUrsqpVwbb9VzLsgJsOSHSNAexsVVQiMb7qnnjWh1/pub?output=csv
41,utf-8,",",978,3,13,true,0,true,0,http://dati.comune.matera.it/dataset/f35843e5-1644-416c-81d4-b771ca265615/resource/d514c669-6df5-4aba-831a-dcb50999c9df,servizi-igienici-pubblici-2018-della-citta-di-matera,http://www.opendefinition.org/licenses/cc-by,http://publications.europa.eu/resource/authority/file-type/CSV,Elenco geolocalizzato dei servizi igienici pubblici in csv.,https://docs.google.com/spreadsheets/d/e/2PACX-1vQBio02FgN9L8gx-bjPsWlNb79KePNcSCPdGWyCVhNhKU2L6TaMA2JVz5Pfz7tnG7_6_FWgjhh58-7r/pub?output=csv
42,utf-8,",",114528,5,4194,false,1,false,0,http://dati.comune.matera.it/dataset/47fb065b-6bf5-4ba8-b2c2-c7b092cec357/resource/b3e8f27e-facf-414a-8ccf-1c0b30fd4d29,FabbricatiCSV,http://www.opendefinition.org/licenses/cc-by,http://publications.europa.eu/resource/authority/file-type/CSV,File in formato CSV,https://docs.google.com/spreadsheets/d/e/2PACX-1vRIDnMIpcz6rCBSNOnrIwNt_g4N-ndkvSWyEGcxCQkY3000ohE7fGdqdCTJt8ATiGcieIXGPLhqvKXo/pub?gid=413610949&single=true&output=csv
43,utf-8,",",3227,6,3,true,0,true,0,http://dati.comune.matera.it/dataset/b335eb4c-9c0e-42d5-b67c-feae928fda8d/resource/ab4c2fe4-a75e-4405-a833-b1d508e39642,accoglienza_csv,http://www.opendefinition.org/licenses/cc-by,http://publications.europa.eu/resource/authority/file-type/CSV,File delle Aree di accoglienza in formato CSV,http://wgmatera.paesit.it/geoserver/wfs?typename=geonode%3Aaree_di_accoglienza&outputFormat=csv&version=1.0.0&request=GetFeature&service=WFS&access_token=2c49a60008bf11e8a069a0d3c13eef1f
44,utf-8,",",516,6,7,true,0,true,0,http://dati.comune.matera.it/dataset/129b89f5-71d7-4c2d-82c5-0620afccd8ce/resource/3898497d-554b-43cd-8bf6-860bbc5db4b0,DATI-BIKE-SHARING.csv,http://www.opendefinition.org/licenses/cc-by,http://publications.europa.eu/resource/authority/file-type/CSV,file csv bike sharing,http://dati.comune.matera.it/dataset/129b89f5-71d7-4c2d-82c5-0620afccd8ce/resource/3898497d-554b-43cd-8bf6-860bbc5db4b0/download/dati-bike-sharing.csv
45,utf-8,",",474,13,8,true,0,true,0,http://dati.comune.matera.it/dataset/4757c9ae-5ebf-46cf-8bae-0901980db77e/resource/c62a7f60-8813-410c-8d4b-a40991f86d58,bilancio-mensile-incidenti-stradali-anno-2018-di-matera,http://www.opendefinition.org/licenses/cc-by,http://publications.europa.eu/resource/authority/file-type/CSV,Riepilogo per tipologia di sinistro in csv,https://docs.google.com/spreadsheets/d/e/2PACX-1vQvWfG8BPxw2BlaGvyEjBrvO1jDkVkG0N4kBhtpPdIyy9dUwP28XWRXp1DVo5d_qnCYkYY0ShvO9eas/pub?gid=1068628440&single=true&output=csv
46,utf-8,",",38543,13,276,false,1,false,0,http://dati.comune.matera.it/dataset/537c1138-4c5f-41bb-aec8-862954b67b28/resource/033c8bf3-e65c-4c71-aee0-c6547e1ed5f7,RegistroCSV,http://www.opendefinition.org/licenses/cc-by,http://publications.europa.eu/resource/authority/file-type/CSV,Registro impianti in formato CSV,https://docs.google.com/spreadsheets/d/e/2PACX-1vT6GDZNWIJgVmd3GLlEL4dPA-B_VkatLA--B4EPWhvTYRs8u244QXeaE8Ij7ikJsuUj9oyBnvH6OAGL/pub?gid=67122230&single=true&output=csv
47,utf-8,",",488031,13,1059,true,0,true,0,http://dati.comune.matera.it/dataset/b335eb4c-9c0e-42d5-b67c-feae928fda8d/resource/a3c84205-e675-4207-b6ec-35c31d9cd7f9,viabilita_csv,http://www.opendefinition.org/licenses/cc-by,http://publications.europa.eu/resource/authority/file-type/CSV,Viabilità di emergenza in formato CSV,http://wgmatera.paesit.it/geoserver/wfs?typename=geonode%3Aviabilita_di_emergenza&outputFormat=csv&version=1.0.0&request=GetFeature&service=WFS&access_token=23a419300c3f11e8b13fa0d3c13eef1f
48,,",",,,,,1,false,1,http://dati.comune.matera.it/dataset/09b27622-c313-4db7-b952-ba0f5aac69fb/resource/75a5ed9c-bbd1-4f9e-88b1-e708b7b1777b,csv,http://www.opendefinition.org/licenses/cc-by,http://publications.europa.eu/resource/authority/file-type/CSV,File in formato CSV,http://wgmatera.paesit.it/geoserver/wfs?typename=geonode%3Acomponenti_sistemi&outputFormat=csv&version=1.0.0&request=GetFeature&service=WFS&access_token=d6a02d004e2811e89314a0d3c13eef1f
49,utf-8,",",469,2,13,true,0,true,0,http://dati.comune.matera.it/dataset/db1b359a-b003-4f4e-81b1-6ca966d6b0d1/resource/5dfe706d-dc57-4fec-b7be-606bf021a4b4,quadro-riepilogativo-delle-grandi-cause-di-morte-anno-2017-della-citta-di-matera,http://www.opendefinition.org/licenses/cc-by,http://publications.europa.eu/resource/authority/file-type/CSV,Valori assoluti M/F in csv,https://docs.google.com/spreadsheets/d/e/2PACX-1vT8mCdZB1UyuxY0BP1n8ENY6C-7UXMQig5NYffIkGuccu1U5XaFoonLhjdxkCM4rBfK3csSeZQsOrTp/pub?gid=1419045272&single=true&output=csv
50,utf-8,",",768,6,7,true,0,true,0,http://dati.comune.matera.it/dataset/a2db594a-c361-4cdc-9bc3-e29f8c2974d0/resource/6a7c0166-3114-4d69-addd-fa460c1306bb,Ortopedia.csv,http://www.opendefinition.org/licenses/cc-by,http://publications.europa.eu/resource/authority/file-type/CSV,File in formato CSV,https://docs.google.com/spreadsheets/d/e/2PACX-1vQjUcXjJaJk7M1yvbHyKTOvrXJ1iCKfM3J9egBZiQxq4HzSZkgTHLPqSfjStsc2Qj_8AslFt_WVJQaN/pub?gid=0&single=true&output=csv
51,iso8859-1,",",19045,135,26,true,0,true,0,http://dati.comune.matera.it/dataset/b8aaaf85-ac9a-4706-87a3-ebf802a1e2c6/resource/956f63dc-b04a-47c5-9668-421210785f26,data.csv,http://www.opendefinition.org/licenses/cc-by,http://publications.europa.eu/resource/authority/file-type/CSV,File CSV per infografica,http://dati.comune.matera.it/dataset/b8aaaf85-ac9a-4706-87a3-ebf802a1e2c6/resource/956f63dc-b04a-47c5-9668-421210785f26/download/data.csv
52,utf-8,",",1081,4,21,true,0,true,0,http://dati.comune.matera.it/dataset/4a268126-a6ca-43ad-8407-754cb6e20ff8/resource/2419f36c-8021-47c2-907d-f8e9b201bc16,Movimento demografico mensile della popolazione residente anno 2018,http://www.opendefinition.org/licenses/cc-by,http://publications.europa.eu/resource/authority/file-type/CSV,Movimento Demografico Mensile della città di Matera anno 2018 in csv,https://docs.google.com/spreadsheets/d/e/2PACX-1vRNxs44I_QE0F0hxDFSCDYYiQvLtmpeeBOwgjde-NTBytHbDXrOmT1InRdOkY5waaxFlIbdKedKdL9A/pub?output=csv
53,utf-8,",",7039,6,66,true,0,true,0,http://dati.comune.matera.it/dataset/2c43c00d-ebe7-4bee-be10-5224704ed100/resource/906ce264-f0a4-46c1-8ab0-ac75b8d38022,istruzione-superiore-pubblica-della-citta-di-matera-a-s-2017-2018,http://www.opendefinition.org/licenses/cc-by,http://publications.europa.eu/resource/authority/file-type/CSV,"Scuole Superiori e del Conservatorio Musicale ""E. R. DUNI"" della ns. Città per il presente anno scolasticoin csv",https://goo.gl/RKHDt5
54,utf-8,",",172997,36,86,true,0,true,0,http://dati.comune.matera.it/dataset/bd57ba01-b574-4711-9396-aab11ef4f831/resource/16311fcb-76d7-4714-b970-d758808e2d34,csv,http://www.opendefinition.org/licenses/cc-by,http://publications.europa.eu/resource/authority/file-type/CSV,File in formato CSV,http://wgmatera.paesit.it/geoserver/wfs?typename=geonode%3Aaree_percorse_da_fuoco&outputFormat=csv&version=1.0.0&request=GetFeature&service=WFS&access_token=a966fc2108bd11e8919aa0d3c13eef1f
55,utf-8,",",2679,5,24,true,0,true,0,http://dati.comune.matera.it/dataset/a57908cc-8dd3-4821-8b3f-4bb923f25a3f/resource/1d609d86-33bf-474f-9483-346654de29cd,sportelli-bancari-nella-citta-di-matera,http://www.opendefinition.org/licenses/cc-by,http://publications.europa.eu/resource/authority/file-type/CSV,Elenco aggiornato degli sportelli bancari in csv,https://docs.google.com/spreadsheets/d/e/2PACX-1vTIBK4i8UhjBm5Ti_XRTzObMKfvhxqeQV6DUqKd3vvDqCSYGKQo0_OQ7QTp8w4nogYahNeG7XRaflmJ/pub?output=csv
56,utf-8,",",3353,14,13,false,2,false,0,http://dati.comune.matera.it/dataset/f6cdc34b-83ca-4173-8b66-5e8e701d8a45/resource/bd5f8946-0096-42f2-a94a-e2e18a7ae298,ConsulenzeCSV,http://www.opendefinition.org/licenses/cc-by,http://publications.europa.eu/resource/authority/file-type/CSV,File in formato CSV,https://docs.google.com/spreadsheets/d/e/2PACX-1vSqiSJXhCV6tAM8kVWsK-zj4_bE8dY6isywW1IwE2innGKgfRv82gtfacpDTfHd7oJVrXKkgJlt4Yrj/pub?gid=0&single=true&output=csv
57,utf-8,",",211,4,12,true,0,true,0,http://dati.comune.matera.it/dataset/14590314-ad58-488f-98a3-9c289c3325ea/resource/416ac4e2-951e-4c8b-8e84-12dc7fb281cb,riepilogo-incidenti-stradali-anno-2017-tipo-strada_csv,http://www.opendefinition.org/licenses/cc-by,http://publications.europa.eu/resource/authority/file-type/CSV,Tipo strada in csv,https://docs.google.com/spreadsheets/d/e/2PACX-1vSmgaHVVzjj2DanEYK8um9V-WiNyDMD5HF9_IUSQW7WN0-efKWLdtXmUaKATp09gzkN6ZPZPBbdmMq3/pub?gid=1536678746&single=true&output=csv
58,utf-8,",",1203240,81,437,true,0,true,0,http://dati.comune.matera.it/dataset/91d361e3-a71b-4e56-86f0-6ddbfb69258b/resource/05876836-f467-4895-accb-bc6f245dded8,CSV,http://www.opendefinition.org/licenses/cc-by,http://publications.europa.eu/resource/authority/file-type/CSV,File in formato CSV,http://wgmatera.paesit.it/geoserver/wfs?typename=geonode%3Asezioni_istat_2011&outputFormat=csv&version=1.0.0&request=GetFeature&service=WFS&access_token=95c00621337511e8abdea0d3c13eef1f
59,,",",,,,,1,false,1,http://dati.comune.matera.it/dataset/61705d80-c101-4848-b52c-913fd29b2366/resource/9c5df3aa-8566-482c-b5a4-0eb719005be5,csv,http://www.opendefinition.org/licenses/cc-by,http://publications.europa.eu/resource/authority/file-type/CSV,File in formato CSV,http://wgmatera.paesit.it/geoserver/wfs?typename=geonode%3Alimiti_interventi_1&outputFormat=csv&version=1.0.0&request=GetFeature&service=WFS&access_token=1c0fe2612e2911e8a500a0d3c13eef1f
60,utf-8,",",292,26,1,false,9,false,0,http://dati.comune.matera.it/dataset/a13fe14e-5320-4125-ad5f-b69cb91a7d65/resource/2b0c97d5-e072-4da7-aabf-94aa1e0c6083,csv,http://www.opendefinition.org/licenses/cc-by,http://publications.europa.eu/resource/authority/file-type/CSV,File in formato CSV,https://goo.gl/opd6Me
61,iso8859-1,",",3965,9,19,true,0,true,0,http://dati.comune.matera.it/dataset/3f732626-d3e3-41b3-8356-bf215b618016/resource/84d7322e-7035-4ab3-9388-5a36038e0d84,registro-degli-accessi-civici-2018-2019,http://www.opendefinition.org/licenses/cc-by,http://publications.europa.eu/resource/authority/file-type/CSV,Registro in formato CSV,https://docs.google.com/spreadsheets/d/e/2PACX-1vRZDgRZ8h5TCUru1TDrYdQfgZCSQWJyA4cEp6m4bt8MRKWfqGXlqvRxMpQgaPYUcpLkxVZOAE8aqiv6/pub?gid=690587608&single=true&output=csv
62,utf-8,",",27242,3,1,true,0,true,0,http://dati.comune.matera.it/dataset/82dac97d-89c2-4b42-824d-c50d3b6893c0/resource/7c4ab61a-5840-469c-b41d-928bedb22506,csv,http://www.opendefinition.org/licenses/cc-by,http://publications.europa.eu/resource/authority/file-type/CSV,File in formato CSV,http://wgmatera.paesit.it/geoserver/wfs?typename=geonode%3Alimite_rione_sassi&outputFormat=csv&version=1.0.0&request=GetFeature&service=WFS&access_token=35dd11612af311e8a75ea0d3c13eef1f
63,utf-8,",",472,5,7,true,0,true,0,http://dati.comune.matera.it/dataset/2e1657bb-a501-4808-bad3-562df0905828/resource/fe4408da-8ae0-4f60-b0d2-6660673b2397,csv,http://www.opendefinition.org/licenses/cc-by,http://publications.europa.eu/resource/authority/file-type/CSV,File in formato CSV,https://goo.gl/xxN8QJ
64,utf-8,",",26796,3,759,true,0,true,0,http://dati.comune.matera.it/dataset/b3e7e96e-24c5-4b4b-b3b4-af332a43780c/resource/e3287c19-ef51-4e0d-9692-6b00d4e22c9e,nuovo-stradario-della-citta-di-matera,http://www.opendefinition.org/licenses/cc-by,http://publications.europa.eu/resource/authority/file-type/CSV,Nuovo Stradario della città di Matera in csv,https://docs.google.com/spreadsheets/d/e/2PACX-1vTccHv9mYddJFPl0WB_Ppxc0x1NT7ZCCU8jqxbkELhVhB3hQzBXc0ukDLj64g8zimhZkZ45DCaikYYL/pub?output=csv
65,utf-8,",",153,14,0,true,0,true,0,http://dati.comune.matera.it/dataset/cb15c595-cdf6-45d6-b882-f22c896efd63/resource/28cc6412-9079-4e7b-9559-8954fbf26d7e,art15c12CSV,http://www.opendefinition.org/licenses/cc-by,http://publications.europa.eu/resource/authority/file-type/CSV,File in formato CSV permanentemente alimentato da Albo Pretorio,http://servizionline.comune.mt.it:80/atc/files/MATERA/art15c12.csv
66,utf-8,",",1876,9,14,true,0,true,0,http://dati.comune.matera.it/dataset/5cb929be-9fb2-424c-adb8-d482f4b0158a/resource/e637612a-8d99-46cd-a698-4333e5295f84,Istr_Superiore_Pubblica_A.S.2018-2019,http://www.opendefinition.org/licenses/cc-by,http://publications.europa.eu/resource/authority/file-type/CSV,Scuole superiori della Città in csv,https://docs.google.com/spreadsheets/d/e/2PACX-1vTMPmn8JVYseajL-eVTZg9o1MIW4FKZSAJLhWSJDZvv1BNsTEzVSIInIat7RaVW5vxNFPeQG6FBVIFG/pub?output=csv
67,utf-8,",",96752,21,534,false,9,false,0,http://dati.comune.matera.it/dataset/41eca07c-a9e4-4df1-b6a5-c9153185192c/resource/34074769-c702-441d-a5a5-0a7b09d29435,PubbliciEsercizi.csv,http://www.opendefinition.org/licenses/cc-by,http://publications.europa.eu/resource/authority/file-type/CSV,File in formato CSV,https://docs.google.com/spreadsheets/d/e/2PACX-1vTkKNNgGLmBTXJVEsPWHSx_aix57bTdernEIoVk7njmHX1bAnl_dTcPT8ULqntB3OxR2qDAreLaUZ7N/pub?output=csv
68,utf-8,",",283,2,12,true,0,true,0,http://dati.comune.matera.it/dataset/609d3280-b1fb-4c35-89d2-91d6627e4088/resource/91ef89fb-9167-4a9f-ad59-bca37371977d,incassi-mensili-per-ogni-mese-dell-anno-2018-della-polizia-locale-di-matera,http://www.opendefinition.org/licenses/cc-by,http://publications.europa.eu/resource/authority/file-type/CSV,Incassi mensili dei verbali elevati dalla Polizia Locale di Matera per ogni mese dell'anno 2018 in csv,https://docs.google.com/spreadsheets/d/e/2PACX-1vSfv0EoarRDgfi2Lr7RIta90-U4M0edXWbbdcLdxMHkodRCs1kT8Enm0_xEQXIp8qcWoFivGE2DgWX2/pub?output=csv
69,utf-8,",",3957,10,31,true,0,true,0,http://dati.comune.matera.it/dataset/22fa48f5-d216-4f55-93f0-6caf12e0b5d8/resource/6ad9c0d0-41f6-4581-a274-6d5f52f95467,parcheggi-e-numero-di-posti-auto-della-città-di-matera,http://www.opendefinition.org/licenses/cc-by,http://publications.europa.eu/resource/authority/file-type/CSV,Elenco geolocalizzato dei parcheggi pubblici e privati in csv,https://docs.google.com/spreadsheets/d/e/2PACX-1vQx6xLrbSZIrZx0p3n7Tjy3nnkxp_gVRRMW8s8KZilYs3Qkz-LwHXYWjpCaoQApjQSfOxpn6hhqaMbn/pub?output=csv
70,utf-8,",",1563,9,25,true,0,true,0,http://dati.comune.matera.it/dataset/289125f2-0741-434a-898e-e88d8b6b6786/resource/f2d755ea-1235-4c29-b7e0-68dbfca10fe4,residenti-per-quartiere-ed-area-geografica-di-appartenenza-al-31-12-2017,http://www.opendefinition.org/licenses/cc-by,http://publications.europa.eu/resource/authority/file-type/CSV,Residenti per quartiere ed area geografica in csv,https://docs.google.com/spreadsheets/d/e/2PACX-1vQLXbXDR-KCs32EMPG6XtDZ_IZFiZok47xGnk23M0BnjQGkJctf7_r3ZIukaLBltglhpCiyNcakAHTo/pub?output=csv
71,cp1252,",",11527,5,94,true,0,true,0,http://dati.comune.matera.it/dataset/0f303fb1-a071-4162-969e-e5086e047414/resource/00378640-3d64-46f0-b5aa-c00b6faa0c9b,cantine-del-territorio-del-comune-di-matera,http://www.opendefinition.org/licenses/cc-by,http://publications.europa.eu/resource/authority/file-type/CSV,Cantine del territorio del comune di Matera in csv,https://docs.google.com/spreadsheets/d/e/2PACX-1vTpiDBcVIBKQAf-RroPzDibmANob5M3X9auJx3DbP_aLRwqdpLPrgwm9aqdjdfpE1B8_oTfowVrvkNS/pub?output=csv
72,utf-8,",",26229,14,208,false,3,false,0,http://dati.comune.matera.it/dataset/6c8c643e-a9bf-46b8-9785-54f44141fbf8/resource/82e8bce8-ea22-4598-b527-0735d35562fb,Affittacamere,http://www.opendefinition.org/licenses/odc-odbl,http://publications.europa.eu/resource/authority/file-type/CSV,File in formato CSV,https://docs.google.com/spreadsheets/d/e/2PACX-1vTj3s9jj7shHskVEx4uox9IDn0TQomgYiZ8whfZbvOpvLqWkxrxVV17OCsoJrqmvfWSrG1n5GCZT1Qn/pub?gid=1017839476&single=true&output=csv
73,iso8859-1,",",20352,76,106,false,48,false,0,http://dati.comune.matera.it/dataset/c1713215-00d0-457e-abee-0c7138befb16/resource/a713b892-4e9f-4b79-bb90-fbee841f0412,"residenti per età, sesso e quartieri",http://www.opendefinition.org/licenses/cc-by,http://publications.europa.eu/resource/authority/file-type/CSV,"Popolazione residente per età, sesso e quartieri della Città al 31.12.2017 in csv",https://docs.google.com/spreadsheets/d/e/2PACX-1vQWMcO4sAEiA-qUQ73kpqTBV6q5B3SXvRGCNY9lmUGPKrcVmgUjvsF5VIdq1YgywQCdIDV0CpSFmSLf/pub?output=csv
74,utf-8,",",5057,3,1,true,0,true,0,http://dati.comune.matera.it/dataset/330c3c86-4e34-41fb-9369-e8841687c4c1/resource/27cb1ffc-6c8c-45ee-be70-8a0d0ddc84e7,csv,http://www.opendefinition.org/licenses/cc-by,http://publications.europa.eu/resource/authority/file-type/CSV,File in formato CSV,http://wgmatera.paesit.it/geoserver/wfs?typename=geonode%3Afascia_di_rispetto_cimiteriale&outputFormat=csv&version=1.0.0&request=GetFeature&service=WFS&access_token=1b27d6e12e2a11e8894aa0d3c13eef1f
75,utf-8,",",4177,9,36,true,0,true,0,http://dati.comune.matera.it/dataset/96ef74d3-2277-4280-ba28-c5ea44e8ffb1/resource/6555041b-d34f-4e0b-9f0a-c570c2682368,Istr_Inferiore_Pubblica_A.S.2018-19,http://www.opendefinition.org/licenses/cc-by,http://publications.europa.eu/resource/authority/file-type/CSV,"Alunni delle Scuole dell'Infanzia, Primarie e Secondarie di primo grado raggruppati per classi e plessi scolastici con i relativi indirizzi in csv",https://docs.google.com/spreadsheets/d/e/2PACX-1vS4PROhAN-9yQ4g8RVTPCxVJN0Q3k5lxflEOi-5NRklB-Vv-SnJZVVZC9CCC36fhiVztJoI9aDzxtRC/pub?output=csv
76,utf-8,",",481,4,11,true,0,true,0,http://dati.comune.matera.it/dataset/35caef29-c0f8-42c2-a1d3-be061093236c/resource/c0a798db-37ae-4235-b99e-6e1d24607edf,Decessi anno 2016 per grandi cause di morte in valori assoluti,http://www.opendefinition.org/licenses/cc-by,http://publications.europa.eu/resource/authority/file-type/CSV,Decessi anno 2016 per grandi cause di morte in valori assoluti in csv,https://goo.gl/kofoyu
77,iso8859-1,",",543,13,11,true,0,true,0,http://dati.comune.matera.it/dataset/4757c9ae-5ebf-46cf-8bae-0901980db77e/resource/7008fa0e-f4e4-4eef-a54f-207e8d5e0276,bilancio-mensile-incidenti-stradali-anno-2018-di-matera,http://www.opendefinition.org/licenses/cc-by,http://publications.europa.eu/resource/authority/file-type/CSV,Riepilogo incidenti stradali per causa sinistro in csv,https://docs.google.com/spreadsheets/d/e/2PACX-1vQvWfG8BPxw2BlaGvyEjBrvO1jDkVkG0N4kBhtpPdIyy9dUwP28XWRXp1DVo5d_qnCYkYY0ShvO9eas/pub?gid=410461662&single=true&output=csv
78,,",",,,,,1,false,1,http://dati.comune.matera.it/dataset/b4cda862-d2a7-478b-8da4-c4873ea07a1b/resource/ff2a8763-48e0-49e6-9dfc-2c3f0ac190cd,csv,http://www.opendefinition.org/licenses/cc-by,http://publications.europa.eu/resource/authority/file-type/CSV,File in formato CSV,http://wgmatera.paesit.it/geoserver/wfs?typename=geonode%3Adestinazioni&outputFormat=csv&version=1.0.0&request=GetFeature&service=WFS&access_token=b81030c04e2711e8bb21a0d3c13eef1f
79,utf-8,",",63433,19,328,true,0,true,0,http://dati.comune.matera.it/dataset/e34b0f39-5b05-4938-934c-6146c6555739/resource/6dee3b28-a43d-4413-be42-421bf6d33574,incidenti-dell-anno-2018-per-mese-e-territorio,http://www.opendefinition.org/licenses/cc-by,http://publications.europa.eu/resource/authority/file-type/CSV,Riepilogo mensile degli incidenti stradali per territorio in csv,https://docs.google.com/spreadsheets/d/e/2PACX-1vT2yZocdKjFfLwqeGQixR1YpqpLI0TKzrOkkOXCecYn4fG1iXKy-bnwPnha0jT_icrUPSC0cS9y-3Ra/pub?output=csv
80,utf-8,",",1570863,7,10102,false,1,false,0,http://dati.comune.matera.it/dataset/5a054b0a-c0ee-4275-b8ec-bc8c00577790/resource/79c4ebe9-d96a-43e3-8a27-599924cbf2fc,praticheEdilizie.csv,http://www.opendefinition.org/licenses/cc-by,http://publications.europa.eu/resource/authority/file-type/CSV,Pratiche Edilizie con aggiornamento giornaliero.,https://sudematera.paesit.it/Allegati/praticheEdilizie.csv
81,utf-8,",",614,5,6,true,0,true,0,http://dati.comune.matera.it/dataset/336eca4f-2678-4237-b126-4139eb450273/resource/2750c8bf-276f-4c0c-bf8d-e31f92a48d55,stazioni-ferroviarie-e-autobus-2018,http://www.opendefinition.org/licenses/cc-by,http://publications.europa.eu/resource/authority/file-type/CSV,Elenco delle stazioni ferroviarie e degli autobus in csv,https://docs.google.com/spreadsheets/d/e/2PACX-1vTyrTSdcYbsWylCY2n-aftBtup5KyXO4_M_kvM08a5W7CbxLsbwd4EJdT3Vz1XE_bZyRjzY4wisRAdX/pub?output=csv
82,utf-8,",",2038,5,12,true,0,true,0,http://dati.comune.matera.it/dataset/de31ec4a-7d52-4fe9-9ef3-a88461ff8b66/resource/b04df261-a95e-4624-9dc6-924580c2c1cc,programmazione-risorse-legge-205-2017-matera-progetti-approvati,http://www.opendefinition.org/licenses/cc-by,http://publications.europa.eu/resource/authority/file-type/CSV,Elenco dei progetti approvati in CSV con link alle cartelle dei progetti in PDF,https://docs.google.com/spreadsheets/d/e/2PACX-1vRIiiTyLpbmZZ2FQIwDiANh2t42-CAp8vMdIFi6sHOuLALRTjpGZkzzSnJkmw-veEm2m34odc20hS2J/pub?output=csv
83,utf-8,",",1565,12,12,false,2,false,0,http://dati.comune.matera.it/dataset/6c8c643e-a9bf-46b8-9785-54f44141fbf8/resource/7de65a45-3cda-4a51-b41f-fa04188bb3bc,Altro_varie,http://www.opendefinition.org/licenses/odc-odbl,http://publications.europa.eu/resource/authority/file-type/CSV,File in formato CSV,https://docs.google.com/spreadsheets/d/e/2PACX-1vTj3s9jj7shHskVEx4uox9IDn0TQomgYiZ8whfZbvOpvLqWkxrxVV17OCsoJrqmvfWSrG1n5GCZT1Qn/pub?gid=1730373720&single=true&output=csv
84,utf-8,",",405220,20,2700,false,52,false,0,http://dati.comune.matera.it/dataset/1205f95f-a067-4177-8f72-a8a659bf0ef5/resource/d6b8297c-d52f-42e9-af50-aea063e628f4,CSV,http://www.opendefinition.org/licenses/cc-by,http://publications.europa.eu/resource/authority/file-type/CSV,I dati catastali riportati sono stati rilevati al momento dell'esproprio e potrebbero essere stati variati successivamente alla stipula delle convenzioni fra Agenzia del Demanio e Comune di Matera. File in formato CSV.,https://goo.gl/XX2wbC
85,utf-8,",",3073,5,22,true,0,true,0,http://dati.comune.matera.it/dataset/c6c09edc-199e-466e-8e44-1ee5c8479869/resource/52955b31-0271-4638-b78e-9b8aefa09c06,masserie-del-territorio-di-matera,http://www.opendefinition.org/licenses/cc-by,http://publications.europa.eu/resource/authority/file-type/CSV,Masserie del territorio di Matera in csv,https://docs.google.com/spreadsheets/d/e/2PACX-1vQgLrD25kjeZ3JjXgKXe2RpDd4a0urzOZhZ3RSP9m9Hbfql8D0AaG0rSTVf_noAQ4q4OP9T-qa8x8PB/pub?output=csv
86,utf-8,",",71612,4,19,true,0,true,0,http://dati.comune.matera.it/dataset/b335eb4c-9c0e-42d5-b67c-feae928fda8d/resource/b5c4f859-3d47-464f-accb-58256f235e17,zoneconfluenza_csv,http://www.opendefinition.org/licenses/cc-by,http://publications.europa.eu/resource/authority/file-type/CSV,File delle Zone di confluenza in formato CSV,http://wgmatera.paesit.it/geoserver/wfs?typename=geonode%3Azone_di_confluenza&outputFormat=csv&version=1.0.0&request=GetFeature&service=WFS&access_token=623caf0008bf11e89e77a0d3c13eef1f
87,utf-8,",",50604,13,92,true,0,true,0,http://dati.comune.matera.it/dataset/7e7e3476-2d8c-4ad0-9294-94032a29c7ef/resource/a6c211ca-b319-4fb5-aa49-bc230d24b6c2,AttiCSV,http://www.opendefinition.org/licenses/cc-by,http://publications.europa.eu/resource/authority/file-type/CSV,File in formato CSV,http://servizionline.comune.mt.it:80/atc/files/MATERA/art18.csv
88,utf-8,",",743,5,8,true,0,true,0,http://dati.comune.matera.it/dataset/b487da17-30f8-4ce4-84bf-be00e50fdae8/resource/a1ca7fdc-7ee7-4e66-a58e-5fc33ce80755,servizi-di-soccorso-pubblico-2018-della-citta-di-matera,http://www.opendefinition.org/licenses/cc-by,http://publications.europa.eu/resource/authority/file-type/CSV,Elenco delle strutture del soccorso pubblico in csv,https://docs.google.com/spreadsheets/d/e/2PACX-1vTzONQ5Q1yI_rlP39o1lmV0GYRWnHevo85gCeSjqS9ckBVKotA8EAYYGkoQUcHEsFmJFEOSBOOdLujk/pub?output=csv
89,utf-8,",",5282,5,41,true,0,true,0,http://dati.comune.matera.it/dataset/aafcf6cf-29cc-40d2-83f3-6097c0e1711f/resource/8f2bc04a-6991-4ffe-9849-02c7067f1b04,jazzi-del-comune-di-matera,http://www.opendefinition.org/licenses/cc-by,http://publications.europa.eu/resource/authority/file-type/CSV,Jazzi nel territorio di Matera in csv,https://docs.google.com/spreadsheets/d/e/2PACX-1vTQjmCgbgXkSnK0GIc8zDkJ_CLH3_e87Y3nbI-V0ReGmrh9wVdP2t8Whjtlg50y8Aicy8yPmAKTnz1y/pub?output=csv
90,utf-8,",",20543,15,112,true,0,true,0,http://dati.comune.matera.it/dataset/f972102f-0b9b-4e5d-bdf6-635990518c14/resource/a938cd55-52ae-4e1e-a0b8-3158f5498bcd,Occupazionisuolopubblicodehors.csv,http://www.opendefinition.org/licenses/cc-by,http://publications.europa.eu/resource/authority/file-type/CSV,File in formato CSV,https://docs.google.com/spreadsheets/d/e/2PACX-1vRE8CXVaaMSEreF0bCzR1J09yCARCbE4xX6U57WWkiyGXzO9UJVExmnqYW_Wi263_aaIaRshUmV-Hl1/pub?gid=0&single=true&output=csv
91,utf-8,",",68090,15,477,false,3,false,0,http://dati.comune.matera.it/dataset/6c8c643e-a9bf-46b8-9785-54f44141fbf8/resource/006cc58d-8e0b-4218-886a-8e16f0dac447,Casa vacanze,http://www.opendefinition.org/licenses/odc-odbl,http://publications.europa.eu/resource/authority/file-type/CSV,File in formato CSV,https://docs.google.com/spreadsheets/d/e/2PACX-1vTj3s9jj7shHskVEx4uox9IDn0TQomgYiZ8whfZbvOpvLqWkxrxVV17OCsoJrqmvfWSrG1n5GCZT1Qn/pub?gid=26988434&single=true&output=csv
92,utf-8,",",3167,12,17,true,0,true,0,http://dati.comune.matera.it/dataset/e3dc0563-ed9b-4c99-bf87-5b96ddff669f/resource/d35eee77-1880-4f64-95e7-6ac437b30ad2,Immobili bando esercizi di vicinato csv,http://www.opendefinition.org/licenses/cc-by,http://publications.europa.eu/resource/authority/file-type/CSV,Il dataset contiene l'elenco degli immobili messi a bando per l'apertura di esercizi di vicinato nei Rioni Sassi di Matera in formato csv,https://docs.google.com/spreadsheets/d/e/2PACX-1vT7hbMvoUwgvPhVd1gY8L9FnjH8diRYrwAwHyWUmXr1qWsJAjp7AJMymf0M_wezv9wNX7LCeyGpm6x6/pub?output=csv
93,utf-8,",",79759,10,57,true,0,true,0,http://dati.comune.matera.it/dataset/2cc4287a-6b5a-4179-a4b2-41f2129f9d62/resource/36d3f6c3-3f88-44c7-aee0-340b2b0b9777,csv,http://www.opendefinition.org/licenses/cc-by,http://publications.europa.eu/resource/authority/file-type/CSV,File in formato CSV,http://wgmatera.paesit.it/geoserver/wfs?typename=geonode%3Abeni_monumentali_art_10&outputFormat=csv&version=1.0.0&request=GetFeature&service=WFS&access_token=68c9d8e108bd11e8afb2a0d3c13eef1f
94,utf-8,",",200,2,13,true,0,true,0,http://dati.comune.matera.it/dataset/fd892840-4341-4df6-a94d-0aa39003b66c/resource/1820c305-6714-4db3-bdcd-52a2849d8179,2018_Verbali_Mensili,http://www.opendefinition.org/licenses/cc-by,http://publications.europa.eu/resource/authority/file-type/CSV,Verbali totali per mese dell'anno 2018 in csv,https://docs.google.com/spreadsheets/d/e/2PACX-1vRkvvjRcnftBZ_k5387wzXGv5CEjOSzsWwOtz43pCsKqgPNKLMlIT10c_TqL8ROCnf_xbj7jBYVVcso/pub?output=csv
95,utf-8,",",1447,11,13,true,0,true,0,http://dati.comune.matera.it/dataset/6c8c643e-a9bf-46b8-9785-54f44141fbf8/resource/eea754d3-49a9-4fea-a008-f33e11df556e,Agriturismo,http://www.opendefinition.org/licenses/odc-odbl,http://publications.europa.eu/resource/authority/file-type/CSV,File in formato CSV,https://docs.google.com/spreadsheets/d/e/2PACX-1vTj3s9jj7shHskVEx4uox9IDn0TQomgYiZ8whfZbvOpvLqWkxrxVV17OCsoJrqmvfWSrG1n5GCZT1Qn/pub?gid=1061491485&single=true&output=csv
96,utf-8,",",232,9,2,true,0,true,0,http://dati.comune.matera.it/dataset/1eb7dd59-cc45-4b31-bdbe-d7333eace570/resource/fed9b5cd-2cd0-4244-92c0-3cc529c63bcc,csv,http://www.opendefinition.org/licenses/cc-by,http://publications.europa.eu/resource/authority/file-type/CSV,File in formato CSV,https://docs.google.com/spreadsheets/d/e/2PACX-1vTgTdOPpj4VaA_etntg6LJ1-xPOFmoFOJYp4-umsI5IYErK3LXKceVbYMs9IKf999XTnHo2lnJDxjQX/pub?gid=0&single=true&output=csv
97,utf-8,",",1323,7,15,true,0,true,0,http://dati.comune.matera.it/dataset/77846dce-ac52-4793-a722-2fb941eb9811/resource/e02f5299-6f84-43cd-afc0-cd652513211f,elenco-farmacie.csv,http://www.opendefinition.org/licenses/cc-by,http://publications.europa.eu/resource/authority/file-type/CSV,Elenco in formato CSV,https://docs.google.com/spreadsheets/d/e/2PACX-1vQCBfAoupivm-Jl1PeCoe0h_UnqEpBpkW3Mc1gSUQi47Kwv6qvhDiEw_7A_45p-qHZ5EOoWkbPboTSm/pub?output=csv
98,utf-8,",",15446,47,29,true,0,true,0,http://dati.comune.matera.it/dataset/e9d6e181-c1eb-40ce-bcb6-ffc3b6c35641/resource/9169564a-d6b2-4785-8311-9940c57decb6,CSV,http://www.opendefinition.org/licenses/cc-by,http://publications.europa.eu/resource/authority/file-type/CSV,File in formato CSV delle Anagrafiche e degli avanzamenti,https://goo.gl/oLJv8e
99,utf-8,",",504,8,12,true,0,true,0,http://dati.comune.matera.it/dataset/addb6733-b45b-44bf-bfd2-b26432d10cc7/resource/95f0abe2-923f-44d0-8418-6c2ddf2a8b69,Serie storica tipologia infrazione,http://www.opendefinition.org/licenses/cc-by,http://publications.europa.eu/resource/authority/file-type/CSV,Serie storica dei verbali per tipologia d'infrazione dall'anno 2008 al 2017 in csv,https://docs.google.com/spreadsheets/d/e/2PACX-1vSCVc_lixIePIzEtKR-3RiVwYkEkv9_aP4yoWilTN9XmaA96RGv4vcQcoljt-qnMPZLMOJTQyXWi7fB/pub?output=csv
100,utf-8,",",987,7,11,true,0,true,0,http://dati.comune.matera.it/dataset/2d6697e9-7d28-41b9-899c-ab45f13bc940/resource/7d834ce4-98e8-4bb8-84e3-7b68e9a013ee,file-elenco-parafarmacie.csv,http://www.opendefinition.org/licenses/cc-by,http://publications.europa.eu/resource/authority/file-type/CSV,Elenco delle Parafarmacie in formato CSV,https://docs.google.com/spreadsheets/d/e/2PACX-1vQrldoUWTShE0g1PlzP03RCeLoIAR-mEEEMYfiWrbOyH19jXlhVQiNk2ejnp1hALqwvNNmhsMT6-5VO/pub?output=csv
101,utf-8,",",1051319,73,985,true,0,true,0,http://dati.comune.matera.it/dataset/a1db34fc-e3db-439c-991e-4f39ae9c5db8/resource/49f1f03c-e07a-4ad3-93bf-dcb92df2ddd6,CSV,http://www.opendefinition.org/licenses/cc-by,http://publications.europa.eu/resource/authority/file-type/CSV,File in formato CSV,https://docs.google.com/spreadsheets/d/e/2PACX-1vQD6Yx9F4XK0f2o2rRfZzroXtUZ3-Hd_Bxg1V27LoPomcoUXyXxQqeaqE8zct8N5ytFW2NgV2dVm7Jm/pub?gid=0&single=true&output=csv
102,utf-8,",",6820,16,96,false,2,false,0,http://dati.comune.matera.it/dataset/a60e9ffc-1450-43d9-8220-f0b2693dc79c/resource/635b1d54-d37c-4ddb-9626-a1e42addd947,movimento-demografico-annuale-1931-2017-della-citta-di-matera,http://www.opendefinition.org/licenses/cc-by,http://publications.europa.eu/resource/authority/file-type/CSV,Movimento Demografico al 31 dicembre di ogni anno dal 1931 al 2017 in csv,https://docs.google.com/spreadsheets/d/e/2PACX-1vTGV3fwLOYVAPV6EKYu-PqrdXHPw91j26y9S9nb-kV5-4Ru3QF8pcHRHyZiTlK_UUuJzOombGXC0P68/pub?output=csv
103,utf-8,",",393752,10,1904,false,6,false,0,http://dati.comune.matera.it/dataset/6ac60a9d-055d-43fe-8d33-867ba1857904/resource/abe0ca6f-ee47-4b1c-9e70-b686fcf9b706,Determine2016CSV,http://www.opendefinition.org/licenses/cc-by,http://publications.europa.eu/resource/authority/file-type/CSV,File in formato CSV,http://www.comune.matera.it/images/amm_trasp/bandi_gara_contratti/informazioni_singole_procedure/avcp.csv
104,utf-8,",",1125,3,106,true,0,true,0,http://dati.comune.matera.it/dataset/7947ee10-6ac1-45bc-a8da-a791b1bc19f1/resource/fc037dc8-5170-4f09-8936-98471fb5f786,popolazione-per-eta-sesso-al-31-12-2018-della-citta-di-matera,http://www.opendefinition.org/licenses/cc-by,http://publications.europa.eu/resource/authority/file-type/CSV,Residenti per età e sesso in csv,https://docs.google.com/spreadsheets/d/e/2PACX-1vS5YoerbOBHkEWjPa7baRKEjM1u-PxQdsX4wGHmhgALkqXqxmnE7upECXieaxBmpksQRglKijpN5xs8/pub?output=csv
105,utf-8,",",18567,5,139,true,0,true,0,http://dati.comune.matera.it/dataset/fa5924ef-70b8-461b-ae71-a7250f734eb2/resource/9ca28e84-81be-4bf9-949b-520a34acb21e,Chiese del territorio comunale di Matera_CSV,http://www.opendefinition.org/licenses/cc-by,http://publications.europa.eu/resource/authority/file-type/CSV,Chiese del territorio comunale di Matera in csv,https://docs.google.com/spreadsheets/d/e/2PACX-1vT2keF8CBgGASVyTvuYDYkuG0Fn3zeHpPP63U0_vL1Ginm_qGJ-32yhZJhEbeol27ZPJrwRDr7atLFJ/pub?output=csv
106,utf-8,",",599,7,13,false,1,false,0,http://dati.comune.matera.it/dataset/f45716da-f1e1-429b-a385-0eb60b4896fa/resource/fbbb9733-240f-47df-bdaf-20403a54d08d,verbali-2018-per-tipologia-infrazione-polizia-locale-matera,http://www.opendefinition.org/licenses/cc-by,http://publications.europa.eu/resource/authority/file-type/CSV,Verbali 2018 suddivisi per mese e per tipologia infrazione Polizia Locale Matera in csv,https://docs.google.com/spreadsheets/d/e/2PACX-1vTq57qdzlDto94M8PL_1GUSqvVSn-BojQLZ2YYGCsKaR-b0aI4xQQ-f6RmAFdNgEWKEXraMOId8K5cd/pub?output=csv
107,utf-8,",",54419,3,9,true,0,true,0,http://dati.comune.matera.it/dataset/12bd3390-75c3-42b5-b29d-bcb035850d5f/resource/3d221f5c-daee-433f-b440-338ea8ec92e2,csv,http://www.opendefinition.org/licenses/cc-by,http://publications.europa.eu/resource/authority/file-type/CSV,File in formato CSV,http://wgmatera.paesit.it/geoserver/wfs?typename=geonode%3Afascia_di_rispetto_impianti&outputFormat=csv&version=1.0.0&request=GetFeature&service=WFS&access_token=7a98365e2e2a11e8b0dda0d3c13eef1f
108,utf-8,",",3012,5,14,true,0,true,0,http://dati.comune.matera.it/dataset/4191b45b-e248-406f-91f2-501cbc3690b4/resource/85751df0-ffd1-4899-ac35-1ed1edb38e60,LineaSassiFermateOrari.csv,http://www.opendefinition.org/licenses/cc-by,http://publications.europa.eu/resource/authority/file-type/CSV,Linea Sassi con fermate ed orari in csv.,http://dati.comune.matera.it/dataset/4191b45b-e248-406f-91f2-501cbc3690b4/resource/85751df0-ffd1-4899-ac35-1ed1edb38e60/download/lineasassifermateorari.csv
109,,",",,,,,1,false,1,http://dati.comune.matera.it/dataset/e9931d6a-ea5d-42d4-a21c-1bbcc17c9316/resource/0b0b84d0-b243-4c4e-a14e-2890667d419b,csv,http://www.opendefinition.org/licenses/cc-by,http://publications.europa.eu/resource/authority/file-type/CSV,File in formato CSV,http://wgmatera.paesit.it/geoserver/wfs?typename=geonode%3Acamere_urbane&outputFormat=csv&version=1.0.0&request=GetFeature&service=WFS&access_token=53162d5e1a2311e8be8ca0d3c13eef1f
110,utf-8,",",2063,20,6,true,0,true,0,http://dati.comune.matera.it/dataset/967f000c-641f-4810-8caf-59930e40de3c/resource/e5bfcbdc-0ebc-40f3-89d8-42e1ca603648,csv,,http://publications.europa.eu/resource/authority/file-type/CSV,File in formato CSV,https://openregio.anbsc.it/statistiche/export/5/immobili/17/77/77014/csv
112,utf-8,",",661,3,13,true,0,true,0,http://dati.comune.matera.it/dataset/db1b359a-b003-4f4e-81b1-6ca966d6b0d1/resource/72c8022d-d65d-4a23-ab2d-dc27c4f1a1ba,quadro-riepilogativo-delle-grandi-cause-di-morte-anno-2017-della-citta-di-matera,http://www.opendefinition.org/licenses/cc-by,http://publications.europa.eu/resource/authority/file-type/CSV,Valori percentuali per sesso in csv,https://docs.google.com/spreadsheets/d/e/2PACX-1vT8mCdZB1UyuxY0BP1n8ENY6C-7UXMQig5NYffIkGuccu1U5XaFoonLhjdxkCM4rBfK3csSeZQsOrTp/pub?gid=1279517255&single=true&output=csv
113,utf-8,",",145,2,12,true,0,true,0,http://dati.comune.matera.it/dataset/3e0b68b9-de93-4dfe-8d9c-8511adc768a4/resource/04d7fef3-94db-41be-b5e0-9fc4e21347d9,Verbali Codice della Strada Polizia Locale Matera,http://www.opendefinition.org/licenses/cc-by,http://publications.europa.eu/resource/authority/file-type/CSV,"Serie storica, a partire dall'anno 2008, del totale dei verbali elevati dalla Polizia Locale in csv",https://docs.google.com/spreadsheets/d/e/2PACX-1vSfLEtvRgH3Do-ad9MKWzbVQIh2XhnXZ8oJ3DdS4d6Bgwm2lMlg6M8urftOi3Omup7254JY_FyG4eg5/pub?output=csv
